region,trait,CS,CS_size,purity,SNP,pval,PIP
chr1_150600001_155100000,COA,1,1,1.000000,rs61816761_A,1.94707e-46,1.0000000
chr1_150600001_155100000,COA,2,2,0.849600,rs12123821_T,1.35442e-33,0.9352788
chr2_102100001_105300000,AA,1,61,0.991954,rs10179654_G,3.00602e-02,0.0586857
chr2_102100001_105300000,AA,2,19,0.986265,rs72823641_A,4.73209e-42,0.4558273
chr2_143400001_147900000,AOA,1,32,0.933361,rs7571606_A,2.84189e-09,0.0438440
chr10_6600001_12200000,AA,1,10,0.996285,rs2197415_G,2.46736e-36,0.2387628
chr10_6600001_12200000,AA,2,3,0.979506,rs12413578_T,4.26934e-26,0.5980304
chr10_6600001_12200000,AA,3,2,0.969867,rs72782675_T,6.10127e-11,0.7604077
chr10_6600001_12200000,AA,4,2,0.887346,rs11256016_A,7.63129e-19,0.8685325
chr11_75500001_77400000,AA,1,2,0.942897,rs55646091_A,5.11043e-25,0.6240894
chr11_75500001_77400000,AA,2,10,0.900360,rs11236797_A,5.71091e-38,0.0727296
chr12_46000001_48700000,AOA,1,11,0.666212,rs56389811_T,5.36463e-11,0.2126672
chr15_59000001_63400000,AA,1,18,0.770171,rs11071559_T,4.23121e-13,0.2463601
chr17_33500001_39800000,COA,1,8,0.998713,rs4795399_C,1.96972e-85,0.1973875
