"","region","snp","logistic","coxph"
"1","chr1_150600001_155100000","rs61819522","4.41482137149648","4.28090358762864"
"2","chr10_6600001_12200000","rs61840192","17.382996511829","16.9591484657946"
"3","chr11_75500001_77400000","rs7114362","8.52552003310987","7.94623102781217"
"4","chr12_46000001_48700000","rs11168250","9.32120128650797","10.2330891027007"
"5","chr12_54500001_56200000","rs76901905","2.83735196847849","2.88286354565722"
"6","chr15_59000001_63400000","rs922781","3.7609634299493","3.34691088226987"
"7","chr17_33500001_39800000","rs8067124","4.71019484581554","4.69695338972275"
"8","chr19_31900001_35100000","rs118013485","5.28097630904411","4.86798543461926"
"9","chr2_102100001_105300000","rs13001325","13.2411577213558","12.3150464259102"
"10","chr2_143400001_147900000","rs2381712","8.73898707117302","8.37658338159568"
"11","chr2_236400001_242193529","rs1882676","3.67224476117224","3.73138890908739"
"12","chr6_30500001_32100000","rs2428494","22.7042768019764","22.2843827447817"
"13","chr1_150600001_155100000","rs61819522","4.41482137149648","4.28090358762864"
"14","chr10_6600001_12200000","rs61840192","17.382996511829","16.9591484657946"
"15","chr11_75500001_77400000","rs7114362","8.52552003310987","7.94623102781217"
"16","chr12_46000001_48700000","rs56389811","9.21661030643587","10.2704604653342"
"17","chr12_54500001_56200000","rs76901905","2.83735196847849","2.88286354565722"
"18","chr15_59000001_63400000","rs17204454","3.48441622414656","3.69525175333641"
"19","chr17_33500001_39800000","rs8067124","4.71019484581554","4.69695338972275"
"20","chr19_31900001_35100000","rs117710327","5.26577240830164","4.88628505470467"
"21","chr2_102100001_105300000","rs13001325","13.2411577213558","12.3150464259102"
"22","chr2_143400001_147900000","rs7571606","8.72629053706849","8.54639337263532"
"23","chr2_236400001_242193529","rs1882676","3.67224476117224","3.73138890908739"
"24","chr6_30500001_32100000","rs2428494","22.7042768019764","22.2843827447817"
