"","region","snp","logistic","coxph"
"1","chr1_150600001_155100000","rs61819522","4.41482137149648","4.00010521802504"
"2","chr10_6600001_12200000","rs61840192","17.382996511829","17.3183865274891"
"3","chr11_75500001_77400000","rs7114362","8.52552003310987","8.28368246926807"
"4","chr12_46000001_48700000","rs11168250","9.32120128650797","9.52432109541488"
"5","chr12_54500001_56200000","rs76901905","2.83735196847849","2.68472951907574"
"6","chr15_59000001_63400000","rs922781","3.7609634299493","3.20139950688661"
"7","chr17_33500001_39800000","rs8067124","4.71019484581554","5.03934719089128"
"8","chr19_31900001_35100000","rs118013485","5.28097630904411","4.6205133636096"
"9","chr2_102100001_105300000","rs13001325","13.2411577213558","12.343543561522"
"10","chr2_143400001_147900000","rs2381712","8.73898707117302","8.72235313789842"
"11","chr2_236400001_242193529","rs1882676","3.67224476117224","3.68433817765856"
"12","chr6_30500001_32100000","rs2428494","22.7042768019764","22.3731835388623"
"13","chr1_150600001_155100000","rs61819522","4.41482137149648","4.00010521802504"
"14","chr10_6600001_12200000","rs61840192","17.382996511829","17.3183865274891"
"15","chr11_75500001_77400000","rs7114362","8.52552003310987","8.28368246926807"
"16","chr12_46000001_48700000","rs56389811","9.21661030643587","9.54627752952207"
"17","chr12_54500001_56200000","rs76901905","2.83735196847849","2.68472951907574"
"18","chr15_59000001_63400000","rs17204454","3.48441622414656","3.85101799256626"
"19","chr17_33500001_39800000","rs8067124","4.71019484581554","5.03934719089128"
"20","chr19_31900001_35100000","rs117710327","5.26577240830164","4.64202111197462"
"21","chr2_102100001_105300000","rs13001325","13.2411577213558","12.343543561522"
"22","chr2_143400001_147900000","rs7571606","8.72629053706849","8.84720865440605"
"23","chr2_236400001_242193529","rs1882676","3.67224476117224","3.68433817765856"
"24","chr6_30500001_32100000","rs2428494","22.7042768019764","22.3731835388623"
