"","region","snp","logistic","coxph"
"1","chr1_150600001_155100000","rs12123821","17.3938820864343","18.3464665645456"
"2","chr10_6600001_12200000","rs2197415","34.4039992315909","35.6077675569675"
"3","chr11_75500001_77400000","rs11236797","36.0564317888915","37.2432949317736"
"4","chr12_46000001_48700000","rs1444595","6.64509672264823","6.84165474488712"
"5","chr12_54500001_56200000","rs62623446","6.9346145102353","7.40844429975562"
"6","chr15_59000001_63400000","rs11071559","12.1769361316524","12.3735351050206"
"7","chr17_33500001_39800000","rs4795400","32.6298256700551","35.1500051288377"
"8","chr19_31900001_35100000","rs117710327","11.5474469367711","12.2687595233206"
"9","chr2_102100001_105300000","rs72823641","40.0115217562692","41.324947088271"
"10","chr2_143400001_147900000","rs7571606","5.12572813237593","5.22047181862134"
"11","chr2_236400001_242193529","rs147061844","3.82545177664378","3.6626093460079"
"12","chr6_30500001_32100000","rs2428494","49.987985762582","50.6271443592168"
"13","chr1_150600001_155100000","rs12123821","17.3938820864343","18.3464665645456"
"14","chr10_6600001_12200000","rs2197415","34.4039992315909","35.6077675569675"
"15","chr11_75500001_77400000","rs11236797","36.0564317888915","37.2432949317736"
"16","chr12_46000001_48700000","rs1444595","6.64509672264823","6.84165474488712"
"17","chr12_54500001_56200000","rs62623446","6.9346145102353","7.40844429975562"
"18","chr15_59000001_63400000","rs11071559","12.1769361316524","12.3735351050206"
"19","chr17_33500001_39800000","rs4795400","32.6298256700551","35.1500051288377"
"20","chr19_31900001_35100000","rs117710327","11.5474469367711","12.2687595233206"
"21","chr2_102100001_105300000","rs72823641","40.0115217562692","41.324947088271"
"22","chr2_143400001_147900000","rs7571606","5.12572813237593","5.22047181862134"
"23","chr2_236400001_242193529","rs370887151","3.52677441517438","3.69046000331649"
"24","chr6_30500001_32100000","rs2428494","49.987985762582","50.6271443592168"
